tamano,sector,ActividadEconomica,SENA,Temporal,BolsaEmpleo,Periodico,RecomendacioAmigos,RecomendacionTra,Otro,Nivel_contratados,TotalProfesionales,TotalTecTecnolo
GRANDE,COMERCIO,COMERCIO DE FERRETERIA,7,5,6,,,,,Universitarios,10,5
GRANDE,COMERCIO,VENTA DE MAQUINARIA INDUSTRIAL,4,,,,,,,Tecnicos o Tecnologos,3,5
GRANDE,COMERCIO,TELECOMUNICACIONES,5,6,,,,,,Universitarios,20,8
GRANDE,COMERCIO,COMERCIALIZADORA EMPAQUES ESPE,2,,,,,,,Universitarios,20,4
GRANDE,COMERCIO,COMERCIO,7,,,,,,,Universitarios,10,2
GRANDE,COMERCIO,DISTRIBUCION,6,,,,,,,Tecnicos o Tecnologos,3,5
GRANDE,COMERCIO,EDITORIAL,4,,,,,,,Universitarios,10,5
GRANDE,COMERCIO,COMPRA Y VENTA VEHICULOS USADOS,5,6,2,,,,,Universitarios,4,0
GRANDE,COMERCIO,SERVICIOS INTERMEDIACION,5,6,,,,,,Universitarios,3,0
GRANDE,COMERCIO,DISTRIBUIDORA DE ALUMINIOS,6,5,,,,,,Tecnicos o Tecnologos,0,1
GRANDE,COMERCIO,QUIMICOS,5,6,,,,,,Tecnicos o Tecnologos,2,4
GRANDE,COMERCIO,MAYORISTAS DE TECNOLOGIA,2,5,6,,,,,Tecnicos o Tecnologos,0,1
GRANDE,COMERCIO,COMERCIALIZACION DE CALZADO,1,7,,,,,,Universitarios,2,1
GRANDE,COMERCIO,METALMECANICA,2,,,,,,,Universitarios,10,5
GRANDE,COMERCIO,FABRICACION DE AROMAS,2,4,7,,,,,Universitarios,2,1
GRANDE,COMERCIO,IMPORTACION,1,4,5,6,7,,,Tecnicos o Tecnologos,5,6
GRANDE,COMERCIO,COMERCIALIZACION DE GRANOS,5,,,,,,,Universitarios,4,0
GRANDE,COMERCIO,COMERCAILIZACION DE PRODUCTOS,5,2,,,,,,Universitarios,15,4
GRANDE,COMERCIO,COMERCIO,6,5,4,3,2,1,,Universitarios,20,0
GRANDE,COMERCIO,COMERCIO,6,5,7,1,,,,Tecnicos o Tecnologos,5,7
GRANDE,COMERCIO,COMERCIO,7,,,,,,,Universitarios,5,0
GRANDE,COMERCIO,IMPORTACION DE HERRAMIENTA IND,6,4,,,,,,Universitarios,3,2
GRANDE,COMERCIO,COMERCIALIZACION TEXTILES Y CO,5,6,,,,,,Tecnicos o Tecnologos,20,50
GRANDE,COMERCIO,COMERCIO Y SERVICIOS,2,,,,,,,Tecnicos o Tecnologos,10,15
GRANDE,COMERCIO,COMERCIALIZAR EQUIPOS PARA ART,2,6,,,,,,Universitarios,2,1
GRANDE,COMERCIO,COMERCIO,2,5,,,,,,Tecnicos o Tecnologos,4,7
GRANDE,COMERCIO,INDUSTRIA,4,,,,,,,Tecnicos o Tecnologos,15,40
GRANDE,COMERCIO,COMERCIALIZACION TEXTILES,2,,,,,,,Universitarios,4,2
GRANDE,COMERCIO,COMERCIALIZACION PISOS,2,5,6,,,,,Tecnicos o Tecnologos,12,40
GRANDE,COMERCIO,IMPORTACION Y VENTA DE RODAMIENTOS,2,5,6,,,,,Tecnicos o Tecnologos,1,2
GRANDE,COMERCIO,VENTAS,5,6,7,,,,,Tecnicos o Tecnologos,200,400
GRANDE,COMERCIO,INSTALACIONES ELECTRICAS,7,,,,,,,Universitarios,40,30
GRANDE,COMERCIO,COMPRA Y VENTA DE DISCOS,5,6,,,,,,Tecnicos o Tecnologos,0,10
GRANDE,COMERCIO,INTERMEDIARIOS,3,,,,,,,Universitarios,3,0
GRANDE,COMERCIO,COMERCIO PRODUCTOS AGRICOLAS,3,,,,,,,Tecnicos o Tecnologos,0,5
GRANDE,COMERCIO,COMERCIALIZACION DE ACCESORIOS,2,7,4,,,,,Tecnicos o Tecnologos,12,25
GRANDE,INDUSTRIA,COMPANIA FARMACEUTICA,1,2,,,,,,Universitarios,3,1
GRANDE,INDUSTRIA,FABRICACION MUEBLES DE HOGAR,1,2,3,4,5,6,,Tecnicos o Tecnologos,15,30
GRANDE,INDUSTRIA,FABRICAION DE CERRADURAS,1,6,,,,,,Universitarios,5,0
GRANDE,INDUSTRIA,EDICION DE PREGRAMAS DE INGLES,1,4,5,6,,,,Tecnicos o Tecnologos,60,100
GRANDE,INDUSTRIA,FABRICANTE DE ACSESORIOS PLAST,2,4,,,,,,Tecnicos o Tecnologos,0,2
GRANDE,INDUSTRIA,IMPRESION DE TEXTOS,5,6,2,,,,,Tecnicos o Tecnologos,1,4
GRANDE,INDUSTRIA,FABRICACION PELICULA POLIETILE,6,,,,,,,Universitarios,1,0
GRANDE,INDUSTRIA,ARTES GRAFICAS,7,,,,,,,Universitarios,4,0
GRANDE,INDUSTRIA,FABRICACION DE BLOQUES,1,5,6,,,,,Universitarios,5,3
GRANDE,INDUSTRIA,ELABORACION DE MOLINERIA PRODU,4,,,,,,,Universitarios,1,0
GRANDE,INDUSTRIA,TEXTIL,1,6,,,,,,Tecnicos o Tecnologos,1,10
GRANDE,INDUSTRIA,METALMECANICA,2,4,5,,,,,Universitarios,4,3
GRANDE,INDUSTRIA,FABRICACION DE PRODUCTOS PUBL.,7,,,,,,,Universitarios,22,10
GRANDE,INDUSTRIA,IMPRESION,1,2,4,5,6,,,Universitarios,15,15
GRANDE,INDUSTRIA,FABRICANTES DE EMPAQUE PARA VALVULA,1,2,4,6,,,,Tecnicos o Tecnologos,5,15
GRANDE,INDUSTRIA,FABRICACION DE ESTRUCTURAS MET,1,,,,,,,Universitarios,1,0
GRANDE,INDUSTRIA,ELABORACION DE CIRCU ELECTRONI,2,5,6,,,,,Tecnicos o Tecnologos,30,40
GRANDE,INDUSTRIA,ALIMENTOS CONCENTRADOS,2,,,,,,,Universitarios,2,0
GRANDE,INDUSTRIA,COMERCIALIZACION DE LUBRICANTE,2,5,6,,,,,Universitarios,2,0
GRANDE,INDUSTRIA,COMERCIALICACION ACEROS,6,4,,,,,,Tecnicos o Tecnologos,10,35
GRANDE,INDUSTRIA,METALMECANICA Y PLASTICA,2,,,,,,,Universitarios,2,0
GRANDE,INDUSTRIA,ARTES GRAFICAS,2,1,6,,,,,Tecnicos o Tecnologos,5,8
GRANDE,INDUSTRIA,DISENO MAQUINARIA,1,2,4,6,,,,Tecnicos o Tecnologos,3,3
GRANDE,INDUSTRIA,IMPRESION DE TEXTOS,2,6,,,,,,Tecnicos o Tecnologos,0,3
GRANDE,INDUSTRIA,MANUFACTURA TEXTIL,2,4,5,6,,,,Universitarios,4,2
GRANDE,INDUSTRIA,FABRICACION DE DULCES,1,2,4,5,6,,,Tecnicos o Tecnologos,1,10
GRANDE,INDUSTRIA,ELABORACION CINTAS ELASTICAS,5,6,,,,,,Universitarios,4,2
GRANDE,INDUSTRIA,INDUSTRIA,4,,,,,,,Tecnicos o Tecnologos,0,3
GRANDE,INDUSTRIA,FABRICACION DE ROPA INTERIOR,5,6,,,,,,Tecnicos o Tecnologos,1,3
GRANDE,INDUSTRIA,TEXTILES,5,6,7,,,,,Tecnicos o Tecnologos,2,4
GRANDE,INDUSTRIA,INDUSTRIAL,4,5,2,,,,,Tecnicos o Tecnologos,3,3
GRANDE,INDUSTRIA,FABRICACION DE AUTOPARTES,1,4,5,6,,,,Tecnicos o Tecnologos,20,30
GRANDE,INDUSTRIA,FABRIC ESTRUCTURAS METALICAS,2,4,,,,,,Universitarios,25,8
GRANDE,INDUSTRIA,PRODUCCION DE HARINA,2,,,,,,,Universitarios,2,1
GRANDE,SERVICIOS,DISTRIBUIDORA FARMACEUTICOS,4,,,,,,,Universitarios,50,10
GRANDE,SERVICIOS,CONSTRUCCION,1,6,,,,,,Universitarios,3,2
GRANDE,SERVICIOS,TRANSPORTE URBANO,1,,,,,,,Tecnicos o Tecnologos,4,10
GRANDE,SERVICIOS,SERVICIOS DE SALUD,1,2,3,5,6,,,Tecnicos o Tecnologos,8,25
GRANDE,SERVICIOS,CONSTRUCICION OBRAS CIVILES,6,,,,,,,Universitarios,10,7
GRANDE,SERVICIOS,CONTRUCCION,1,2,5,6,,,,Tecnicos o Tecnologos,4,5
GRANDE,SERVICIOS,CONSTRUCCION,1,4,6,,,,,Universitarios,20,0
GRANDE,SERVICIOS,OBRAS INGENIERIA CIVIL,1,5,6,4,,,,Universitarios,10,4
GRANDE,SERVICIOS,SALUD,1,2,4,5,6,,,Universitarios,300,200
GRANDE,SERVICIOS,SERVICIOS HOTELEROS,4,5,6,,,,,Universitarios,7,0
GRANDE,SERVICIOS,EXPLOTACION DE ARENA Y GRAVA,2,5,6,,,,,Tecnicos o Tecnologos,0,3
GRANDE,SERVICIOS,SERVICIOS,5,6,,,,,,Universitarios,4,0
GRANDE,SERVICIOS,ACTIVIDADES RADIO Y TELEVISION,1,5,6,7,,,,Universitarios,20,5
GRANDE,SERVICIOS,TELECOM,2,6,3,,,,,Universitarios,5,0
GRANDE,SERVICIOS,SERVICIOS,6,5,,,,,,Universitarios,1,0
GRANDE,SERVICIOS,SERVICIOS TELECOMINUCACIONES,1,7,,,,,,Tecnicos o Tecnologos,0,3
GRANDE,SERVICIOS,COMUNICACIONES,4,,,,,,,Tecnicos o Tecnologos,2,3
GRANDE,SERVICIOS,SERVICIO HOTELERO,1,2,3,4,5,6,,Tecnicos o Tecnologos,15,20
GRANDE,SERVICIOS,INGENIERIA CIVIL,5,6,,,,,,Tecnicos o Tecnologos,5,7
GRANDE,SERVICIOS,TRANSFERENCIA ELECTRONICA DE D,1,2,4,5,6,,,Tecnicos o Tecnologos,40,50
GRANDE,SERVICIOS,CONSTRUCCION,5,6,,,,,,Universitarios,10,6
GRANDE,SERVICIOS,COMERCIO EXTERIOR,2,4,,,,,,Universitarios,1,0
GRANDE,SERVICIOS,CONSTRUCCION OBRAS CIVILES,6,5,7,,,,,Tecnicos o Tecnologos,10,15
GRANDE,SERVICIOS,CONSTRUCCION DE EDIFICACIONES PARA USO RESIDENCIAL,1,,,,,,,Tecnicos o Tecnologos,15,16
GRANDE,SERVICIOS,TRANSPORTE MARITIMO,1,2,4,5,6,,,Tecnicos o Tecnologos,1,4
GRANDE,SERVICIOS,SERVICOS RELACIONADOS CON TELE,4,2,,,,,,Tecnicos o Tecnologos,10,20
GRANDE,SERVICIOS,CONSULTORIA,6,,,,,,,Tecnicos o Tecnologos,4,8
GRANDE,SERVICIOS,FINANCIACION DE POLIZAS,2,,,,,,,Universitarios,2,0
GRANDE,SERVICIOS,SERVICIOS PUBLICITARIOS,4,7,,,,,,Universitarios,2,0
GRANDE,SERVICIOS,SERVICIOS,1,4,2,6,5,,,Universitarios,10,5
GRANDE,SERVICIOS,FABRICANTES DE CERRADURAS,1,6,,,,,,Tecnicos o Tecnologos,2,4
GRANDE,SERVICIOS,SERVICIOS DE SALUD,4,5,6,,,,,Tecnicos o Tecnologos,80,120
GRANDE,SERVICIOS,FINANCIERO,1,5,6,,,,,Tecnicos o Tecnologos,10,20
GRANDE,SERVICIOS,PUBLICIDAD Y MERCADEO,7,6,1,,,,,Universitarios,5,1
MEDIANA,COMERCIO,EXPORTACION DE CARBON,7,,,,,,,Universitarios,3,0
MEDIANA,COMERCIO,COMERCIO,6,7,,,,,,Tecnicos o Tecnologos,2,10
MEDIANA,COMERCIO,DISTRIBUCION Y VENTA DE PRODUC,6,5,,,,,,Tecnicos o Tecnologos,5,30
MEDIANA,COMERCIO,INTERMEDIACION,1,2,3,,,,,Universitarios,6,0
MEDIANA,COMERCIO,COMERCIO,5,6,2,,,,,Universitarios,18,10
MEDIANA,COMERCIO,INDUSTRIA Y COMERCIO,6,,,,,,,Universitarios,10,0
MEDIANA,COMERCIO,COMERCIO,6,,,,,,,Tecnicos o Tecnologos,4,5
MEDIANA,COMERCIO,COMERCIALIZACION,1,2,3,4,5,6,,Universitarios,5,2
MEDIANA,COMERCIO,COMERCIALIZADORA DE MATERIALES,5,,,,,,,Universitarios,1,0
MEDIANA,COMERCIO,COMERCIO,4,2,,,,,,Tecnicos o Tecnologos,1,2
MEDIANA,COMERCIO,COMERCIO,2,5,,,,,,Tecnicos o Tecnologos,0,1
MEDIANA,COMERCIO,MAQUINARIA PARA CONFECCION,3,4,5,6,,,,Tecnicos o Tecnologos,4,5
MEDIANA,COMERCIO,PRODUCTOS DE ASEO PARA HOGAR,1,5,6,,,,,Universitarios,30,20
MEDIANA,COMERCIO,IMPORTACION Y VENTA DE REP AUT,6,,,,,,,Tecnicos o Tecnologos,0,4
MEDIANA,COMERCIO,VENTA DE MEDICAMENTOS,4,2,,,,,,Tecnicos o Tecnologos,8,10
MEDIANA,COMERCIO,COMERCIO,4,,,,,,,Tecnicos o Tecnologos,4,5
MEDIANA,COMERCIO,COMERCIO,6,,,,,,,Universitarios,6,3
MEDIANA,COMERCIO,AGRICOLA,1,6,,,,,,Universitarios,7,5
MEDIANA,COMERCIO,COMERCIALIZACION,1,,,,,,,Tecnicos o Tecnologos,3,5
MEDIANA,COMERCIO,DISTRIBUIDOR DE MATERIALES,7,,,,,,,Universitarios,7,0
MEDIANA,COMERCIO,PRODUCCION PIELES EXOTICAS,6,7,,,,,,Universitarios,1,0
MEDIANA,COMERCIO,DISTRIBUIDORES,4,6,,,,,,Universitarios,2,0
MEDIANA,COMERCIO,IMPORTACION Y DISTRIBUCION DE,1,2,3,4,5,6,7,Tecnicos o Tecnologos,8,10
MEDIANA,COMERCIO,IMPORTADORES DE MAQUINARIA,7,,,,,,,Tecnicos o Tecnologos,1,2
MEDIANA,COMERCIO,COMERCIO AL POR MAYOR MENOR,1,5,6,,,,,Tecnicos o Tecnologos,5,7
MEDIANA,COMERCIO,APOYO A LA ADMINISTRACION DE,1,,,,,,,Universitarios,6,0
MEDIANA,COMERCIO,COMERCIO,4,1,7,,,,,Universitarios,2,0
,,,,,,,,,,,,
MEDIANA,COMERCIO,VENTA DE MAQUINARIA,1,2,,,,,,Tecnicos o Tecnologos,1,7
MEDIANA,COMERCIO,COMERCIALIZA PRENDAS DE VESTIR,4,5,6,,,,,Tecnicos o Tecnologos,5,8
MEDIANA,COMERCIO,COMERCIO,1,2,4,5,6,,,Tecnicos o Tecnologos,3,5
MEDIANA,COMERCIO,DISTRIBUCION Y COMERCIALIZACIO,1,5,7,,,,,Tecnicos o Tecnologos,2,3
MEDIANA,COMERCIO,IMPORTADORA DE MONTA CARGA,1,2,3,4,5,6,,Tecnicos o Tecnologos,15,20
MEDIANA,COMERCIO,INDUSTRIA,6,,,,,,,Universitarios,15,0
MEDIANA,COMERCIO,VENTA Y DISTRIBUCION DE MATERI,1,,,,,,,Universitarios,2,0
MEDIANA,COMERCIO,COMERCIALIZACION DE BOVINOS,6,,,,,,,Universitarios,12,10
MEDIANA,COMERCIO,IMPORTADORA DE PRODUCTOS,5,,,,,,,Universitarios,2,0
MEDIANA,COMERCIO,COMERCIO,7,,,,,,,Universitarios,7,2
MEDIANA,COMERCIO,COMERCIO,5,6,,,,,,Tecnicos o Tecnologos,0,1
MEDIANA,COMERCIO,VENTA DE VEHICULOS,7,6,5,2,,,,Universitarios,2,0
MEDIANA,COMERCIO,DISTRIBUCION DE PRODUCTOS A,6,5,,,,,,Universitarios,6,1
MEDIANA,COMERCIO,COMERCIO,1,7,,,,,,Tecnicos o Tecnologos,1,1
MEDIANA,COMERCIO,VENTA Y DISTRIBUCION AERONAUTI,2,3,,,,,,Universitarios,1,0
MEDIANA,COMERCIO,COMERCIO,2,,,,,,,Universitarios,8,2
MEDIANA,COMERCIO,IMPORTACION PROD FLEXOGRAFIA,5,6,,,,,,Universitarios,4,1
MEDIANA,COMERCIO,VENTA DE PRODUCTOS NATURALES,5,6,,,,,,Tecnicos o Tecnologos,4,4
MEDIANA,COMERCIO,VENTA Y COMPRA DE MATERIAL ELE,5,6,,,,,,Tecnicos o Tecnologos,3,20
MEDIANA,COMERCIO,COMERCIALIZACION DE UPS,5,6,1,4,,,,Tecnicos o Tecnologos,3,5
MEDIANA,COMERCIO,COMERCIALIZACION DE MATERIAS P,3,,,,,,,Universitarios,15,5
MEDIANA,COMERCIO,VENTA EDITORIAL,3,5,4,,,,,Tecnicos o Tecnologos,0,4
MEDIANA,INDUSTRIA,INDUSTRIAL PLASTICO,5,6,,,,,,Tecnicos o Tecnologos,8,12
MEDIANA,INDUSTRIA,INDUSTRIA,6,,,,,,,Tecnicos o Tecnologos,3,3
MEDIANA,INDUSTRIA,PRODUCCION DE CONCRETO,1,5,6,,,,,Universitarios,2,1
MEDIANA,INDUSTRIA,FABRICACION MAQUINARIA ESPECIA,5,6,,,,,,Tecnicos o Tecnologos,15,30
MEDIANA,INDUSTRIA,FABRICACION DE MUEBLES,1,2,3,4,5,6,,Universitarios,5,2
MEDIANA,INDUSTRIA,VENTA DE LIBROS,7,,,,,,,Tecnicos o Tecnologos,0,33
MEDIANA,INDUSTRIA,COMERCIO,4,2,,,,,,Universitarios,5,5
MEDIANA,INDUSTRIA,PRODUCCION MATERIAS PRIMAS,6,,,,,,,Universitarios,2,0
MEDIANA,INDUSTRIA,ARTE GRAFICO,1,5,6,2,,,,Universitarios,4,3
MEDIANA,INDUSTRIA,CONFECCION DE PRENDAS,4,,,,,,,Tecnicos o Tecnologos,2,3
MEDIANA,INDUSTRIA,PRODUCCION DE HILO,4,,,,,,,Tecnicos o Tecnologos,0,1
MEDIANA,INDUSTRIA,INYECCION Y SOPLADO DE PLASTIC,1,4,5,6,,,,Tecnicos o Tecnologos,2,4
MEDIANA,INDUSTRIA,MANUFACTURA PLASTICA,1,5,6,,,,,Tecnicos o Tecnologos,0,1
MEDIANA,INDUSTRIA,COMERCIO,1,,,,,,,Tecnicos o Tecnologos,5,10
MEDIANA,INDUSTRIA,PRODUCCCION DE JUGUETES CANINO,6,,,,,,,Universitarios,8,1
MEDIANA,INDUSTRIA,FABRICACION DE TELAS,6,5,,,,,,Tecnicos o Tecnologos,1,2
MEDIANA,INDUSTRIA,FABRICACION DE SUSTANCIAS QUIM,2,,,,,,,Universitarios,4,3
MEDIANA,INDUSTRIA,VENTA DE ALIMENTOS,7,,,,,,,Tecnicos o Tecnologos,0,3
MEDIANA,INDUSTRIA,METALMECANICA,2,,,,,,,Tecnicos o Tecnologos,3,4
MEDIANA,INDUSTRIA,INDUSTR5IAL,2,,,,,,,Universitarios,4,3
MEDIANA,INDUSTRIA,IMPORTACION DE RODAMIENTOS,1,2,4,5,,,,Tecnicos o Tecnologos,3,7
MEDIANA,INDUSTRIA,FABRICACION DE APARATOS DE USO DOMESTICO NCP,2,4,,,,,,Universitarios,3,2
MEDIANA,INDUSTRIA,PRODUCTORA ALIMENTOS PERROS,2,5,6,,,,,Universitarios,3,2
MEDIANA,INDUSTRIA,FRABICACION DE EQUIPOS CONTRA,2,,,,,,,Universitarios,5,0
MEDIANA,INDUSTRIA,INDUSTRIA,4,,,,,,,Universitarios,6,4
MEDIANA,INDUSTRIA,ESTRUSION DE PLASTICOS,2,4,5,6,,,,Universitarios,20,20
MEDIANA,INDUSTRIA,DISTRIBUCION DE PRODUCTOS VETE,4,5,,,,,,Tecnicos o Tecnologos,2,3
MEDIANA,INDUSTRIA,FABRICANTES DE DISPERSORES,7,,,,,,,Tecnicos o Tecnologos,0,4
MEDIANA,INDUSTRIA,SEVICIOS DE INVERSION,7,,,,,,,Tecnicos o Tecnologos,1,2
MEDIANA,INDUSTRIA,CONFECCION,1,2,3,4,5,,,Universitarios,3,2
MEDIANA,INDUSTRIA,INDUSTRIA,2,4,,,,,,Universitarios,8,2
MEDIANA,INDUSTRIA,FABRICACION Y DISTRIBUCCION,2,,,,,,,Tecnicos o Tecnologos,5,7
MEDIANA,INDUSTRIA,DISTRIBUIDORES DE LLANTAS,4,,,,,,,Tecnicos o Tecnologos,0,20
MEDIANA,INDUSTRIA,INDUSTRIA,4,6,,,,,,Universitarios,2,1
MEDIANA,INDUSTRIA,FABRICACION DE PINTURAS,3,,,,,,,Universitarios,3,2
MEDIANA,INDUSTRIA,COMERCIALIZACION DE PRODUCTOS,2,,,,,,,Universitarios,3,0
MEDIANA,INDUSTRIA,INDUSTRIAL,1,2,3,5,6,,,Universitarios,3,1
MEDIANA,INDUSTRIA,DISE¥O DE MAQUINARIA,4,5,6,,,,,Tecnicos o Tecnologos,20,52
MEDIANA,INDUSTRIA,ENVASES PLASTICOS,4,,,,,,,Tecnicos o Tecnologos,0,3
MEDIANA,INDUSTRIA,EDICION DE TEXTOS,7,,,,,,,Universitarios,2,0
MEDIANA,INDUSTRIA,INDUSTRIA,1,7,6,,,,,Universitarios,25,20
MEDIANA,INDUSTRIA,AGROPECUARIA,2,,,,,,,Universitarios,2,1
MEDIANA,INDUSTRIA,METALURGICA,2,,,,,,,Tecnicos o Tecnologos,2,6
MEDIANA,INDUSTRIA,EDICION PRODUCCION DE LIBROS,1,4,5,6,,,,Tecnicos o Tecnologos,0,1
MEDIANA,INDUSTRIA,INVERSIONES,7,,,,,,,Tecnicos o Tecnologos,2,5
MEDIANA,INDUSTRIA,VENTA DE PAN,7,,,,,,,Universitarios,4,2
MEDIANA,INDUSTRIA,METALMECANICA,2,,,,,,,Tecnicos o Tecnologos,2,4
MEDIANA,INDUSTRIA,FABRICACION MOLDES PROCESOS DE,6,,,,,,,Universitarios,1,1
MEDIANA,INDUSTRIA,INDUSTRIA FARMACEUTICA,2,5,6,4,,,,Tecnicos o Tecnologos,20,25
MEDIANA,INDUSTRIA,PRODUCCION INDUSTRIAL,1,7,4,,,,,Universitarios,3,2
MEDIANA,INDUSTRIA,COMERCIALIZACION DE PRODUCTOS,1,4,,,,,,Universitarios,20,10
MEDIANA,SERVICIOS,ACTIVIDADES DE ARQUITECTURA E INGENIERIA,4,7,,,,,,Universitarios,10,8
MEDIANA,SERVICIOS,COMERCIO DE EQUIPOS DE COMPUTA,1,3,4,5,6,7,,Universitarios,4,0
MEDIANA,SERVICIOS,SERVICIOS JURIDICOS,1,6,5,7,,,,Tecnicos o Tecnologos,24,25
MEDIANA,SERVICIOS,REPRESENTACION AUTOMORIZ EXTRA,1,4,5,6,,,,Universitarios,3,1
MEDIANA,SERVICIOS,AGENCIAMIENTO DE GARGA,7,2,,,,,,Universitarios,15,10
MEDIANA,SERVICIOS,CONSTRUCCION,1,3,,,,,,Universitarios,17,10
MEDIANA,SERVICIOS,INVERSIONES,1,,,,,,,Universitarios,2,0
MEDIANA,SERVICIOS,CONSULTORIAS,4,6,5,2,,,,Universitarios,15,1
MEDIANA,SERVICIOS,TRANSPORTE DE CARGA,6,,,,,,,Tecnicos o Tecnologos,2,4
MEDIANA,SERVICIOS,MANUFACTURERA,1,2,5,6,,,,Universitarios,40,15
MEDIANA,SERVICIOS,COMPRA Y VENTA DE MATERIALES,2,1,5,7,,,,Tecnicos o Tecnologos,4,5
MEDIANA,SERVICIOS,HOTELERIA Y RESTAURANTES,1,5,6,,,,,Tecnicos o Tecnologos,1,4
MEDIANA,SERVICIOS,AGENTE DE CARGA,4,6,,,,,,Tecnicos o Tecnologos,0,1
MEDIANA,SERVICIOS,PUBLICIDAD,5,6,,,,,,Universitarios,1,0
MEDIANA,SERVICIOS,SERVICIOS,1,2,4,6,5,,,Tecnicos o Tecnologos,3,6
MEDIANA,SERVICIOS,CONSTRUCCION,2,,,,,,,Tecnicos o Tecnologos,5,6
MEDIANA,SERVICIOS,SERVICIO DE TRANSPORTE,4,1,6,,,,,Tecnicos o Tecnologos,4,6
MEDIANA,SERVICIOS,AGENCIA DE CARGA,6,7,5,4,,,,Tecnicos o Tecnologos,2,6
MEDIANA,SERVICIOS,FOTOGRAFIA,4,,,,,,,Universitarios,20,10
MEDIANA,SERVICIOS,CONSULTORES EN PROGRAMAS DE INFORMATICA ,4,5,6,,,,,Universitarios,24,0
MEDIANA,SERVICIOS,SERVICIOS DE ASESORIA,7,,,,,,,Tecnicos o Tecnologos,12,18
MEDIANA,SERVICIOS,TURISMO,5,6,,,,,,Universitarios,10,5
MEDIANA,SERVICIOS,ASADEROS DE POLLO,6,,,,,,,Tecnicos o Tecnologos,1,2
MEDIANA,SERVICIOS,SERVICIOS DE CONSTRUCCION,1,4,,,,,,Tecnicos o Tecnologos,12,15
MEDIANA,SERVICIOS,SERVICIOS DE EXPORTACION,2,,,,,,,Tecnicos o Tecnologos,1,2
MEDIANA,SERVICIOS,CONSTRUCTORA DE BIENES INMUEBL,1,,,,,,,Tecnicos o Tecnologos,1,2
MEDIANA,SERVICIOS,INVERSIONES,1,5,6,,,,,Tecnicos o Tecnologos,2,4
MEDIANA,SERVICIOS,ASOCIACION,7,,,,,,,Tecnicos o Tecnologos,1,2
MEDIANA,SERVICIOS,ASESORIAS,5,6,,,,,,Universitarios,2,0
MEDIANA,SERVICIOS,ALQUILER DE EQUIPOS PARA OF,4,,,,,,,Universitarios,5,0
MEDIANA,SERVICIOS,CONSTRUCCION,1,7,,,,,,Universitarios,30,0
MEDIANA,SERVICIOS,TELEFONIA CELULAR,1,2,4,5,6,,,Tecnicos o Tecnologos,30,50
MEDIANA,SERVICIOS,CONSTRUCCION,6,5,,,,,,Universitarios,2,0
MEDIANA,SERVICIOS,INGENIEROS ELECTRICO Y COMUNIC,1,5,6,,,,,Universitarios,30,15
MEDIANA,SERVICIOS,FINANCIERA,2,,,,,,,Universitarios,2,0
MEDIANA,SERVICIOS,EDUCACION,5,6,,,,,,Universitarios,2,0
MEDIANA,SERVICIOS,INVERSIONES,3,5,6,,,,,Tecnicos o Tecnologos,1,3
MEDIANA,SERVICIOS,CONSTRUCCION,6,5,,,,,,Tecnicos o Tecnologos,1,2
MEDIANA,SERVICIOS,SERVICIO FINANCIERO,6,,,,,,,Universitarios,3,0
MEDIANA,SERVICIOS,COMERCIO AL POR MAYOR DE PRODUCTOS DIVERSOS,7,,,,,,,Tecnicos o Tecnologos,2,4
MEDIANA,SERVICIOS,SERVICIOS DE HOSPEDAJE,7,,,,,,,Universitarios,12,0
MEDIANA,SERVICIOS,IMPRESION DE PAPEL,1,4,6,,,,,Tecnicos o Tecnologos,5,11
MEDIANA,SERVICIOS,CONSTRUCCION,1,4,6,5,,,,Tecnicos o Tecnologos,25,63
MEDIANA,SERVICIOS,LA LOGISTICA DE IMPORTACIONES,3,,,,,,,Universitarios,32,0
MEDIANA,SERVICIOS,COMERCIO,5,6,,,,,,Tecnicos o Tecnologos,12,13
MEDIANA,SERVICIOS,CONSTRUCCION,4,5,,,,,,Universitarios,3,0
MEDIANA,SERVICIOS,PRODUCCION DE MESCLAS ASFALTIC,4,,,,,,,Tecnicos o Tecnologos,5,10
MEDIANA,SERVICIOS,ARTES GRAFICAS,1,3,,,,,,Tecnicos o Tecnologos,10,12
MEDIANA,SERVICIOS,SERVICIOS,7,,,,,,,Universitarios,60,20
MEDIANA,SERVICIOS,CONSULTORIA,1,3,4,,,,,Universitarios,60,0
PEQUE¥A,COMERCIO,FABRICA AUTOPARTES,1,4,,,,,,Tecnicos o Tecnologos,1,2
PEQUE¥A,COMERCIO,IMPORTADORES DECHOCOLATES Y GA,2,4,5,6,,,,Tecnicos o Tecnologos,1,5
PEQUE¥A,COMERCIO,VENTAS DE MATERIAL CONSTRUCCIO,4,5,6,,,,,Tecnicos o Tecnologos,0,1
PEQUE¥A,COMERCIO,COMERCIO,6,4,,,,,,Tecnicos o Tecnologos,0,1
PEQUE¥A,COMERCIO,COMERCIO,5,,,,,,,Tecnicos o Tecnologos,0,1
PEQUE¥A,COMERCIO,PRODUCCION/COMERCIO DE LICORES,6,,,,,,,Universitarios,2,1
PEQUE¥A,COMERCIO,INMOBILIARIA,2,6,,,,,,Universitarios,2,0
PEQUE¥A,COMERCIO,VENTA DE COMBUSTIBLES,1,2,4,5,6,,,Tecnicos o Tecnologos,0,1
PEQUE¥A,COMERCIO,VENTA REPUESTOS AUTOMOTORES,5,6,,,,,,Tecnicos o Tecnologos,2,2
PEQUE¥A,COMERCIO,COMERCIO,4,,,,,,,Universitarios,1,0
PEQUE¥A,COMERCIO,COMERCIALIZADORA ELECTRODOMEST,4,5,,,,,,Tecnicos o Tecnologos,1,2
PEQUE¥A,COMERCIO,EXPORTACION,5,6,,,,,,Tecnicos o Tecnologos,0,1
PEQUE¥A,COMERCIO,RADIO Y TV,4,5,,,,,,Tecnicos o Tecnologos,1,2
PEQUE¥A,COMERCIO,COMERCIO,6,,,,,,,Universitarios,1,0
PEQUE¥A,COMERCIO,VENDEDORES DE LUBRICANTES,5,6,,,,,,Tecnicos o Tecnologos,2,2
PEQUE¥A,COMERCIO,COMERCIO,6,5,,,,,,Tecnicos o Tecnologos,0,6
PEQUE¥A,COMERCIO,VENTA DE VEHICULOS,1,2,3,4,5,6,,Tecnicos o Tecnologos,15,30
PEQUE¥A,COMERCIO,COMERCIO,1,6,,,,,,Tecnicos o Tecnologos,0,1
PEQUE¥A,COMERCIO,VENTA DE MOTOS,1,5,6,,,,,Tecnicos o Tecnologos,0,1
PEQUE¥A,COMERCIO,COMERCIO,6,,,,,,,Tecnicos o Tecnologos,0,2
PEQUE¥A,COMERCIO,COMERCIO AL POR MENOR DE MATERIALES PARA CONSTRUCCION,1,6,,,,,,Tecnicos o Tecnologos,1,1
PEQUE¥A,COMERCIO,SERVICIOS INMOBILIARIOS,5,6,,,,,,Tecnicos o Tecnologos,0,2
PEQUE¥A,COMERCIO,ADCESORIOS PARA CASA Y MUEBLES,2,,,,,,,Universitarios,2,2
PEQUE¥A,COMERCIO,ELABORAN Y VENTA DE FARMACEU,4,5,6,,,,,Universitarios,10,6
PEQUE¥A,COMERCIO,COMERCIO AL POR  MAYOR DE PRODUCTOS QUIMICOS BASICOS,5,1,,,,,,Universitarios,1,0
PEQUE¥A,COMERCIO,COMERCIO,5,,,,,,,Universitarios,1,0
PEQUE¥A,COMERCIO,PRODUCTO QUIMICO,7,,,,,,,Universitarios,4,1
PEQUE¥A,COMERCIO,COMPRA Y VENTA,2,,,,,,,Universitarios,1,0
PEQUE¥A,COMERCIO,FLORES,1,5,6,,,,,Universitarios,3,0
PEQUE¥A,COMERCIO,COMERCIO AL POR MAYOR DE PRENDAS DE VESTIR,5,6,,,,,,Tecnicos o Tecnologos,0,1
PEQUE¥A,COMERCIO,COMERCIO,7,,,,,,,Universitarios,4,2
PEQUE¥A,COMERCIO,SERVICIOS DE MANTENIMIENTO MAQ,5,6,,,,,,Universitarios,4,3
PEQUE¥A,COMERCIO,VENTA DE ENCICLOPEDIAS,2,5,6,,,,,Tecnicos o Tecnologos,0,3
PEQUE¥A,COMERCIO,VENTA PRODUCTOS METALMECANICOS,1,4,,,,,,Tecnicos o Tecnologos,7,15
PEQUE¥A,COMERCIO,AGROPECUARIA,5,,,,,,,Universitarios,2,0
PEQUE¥A,COMERCIO,PRESTACION DE SERVICOS EDUCATI,4,,,,,,,Universitarios,6,1
PEQUE¥A,COMERCIO,COMERCIANTE,4,,,,,,,Universitarios,2,1
PEQUE¥A,COMERCIO,COMERCIO PRODUCTOS QUIMICOS,6,,,,,,,Tecnicos o Tecnologos,3,5
PEQUE¥A,COMERCIO,COMERCIO DE BALANZAS ELECTRONI,6,,,,,,,Universitarios,4,3
PEQUE¥A,COMERCIO,SERVICIOS AUTOMOTRICES,1,4,5,6,,,,Tecnicos o Tecnologos,0,2
PEQUE¥A,COMERCIO,TRANPORTE DE PASAJEROS,5,,,,,,,Tecnicos o Tecnologos,0,3
PEQUE¥A,COMERCIO,VENTAS,5,6,,,,,,Universitarios,3,2
PEQUE¥A,COMERCIO,COMERCIO AL POR MENOR DE MUEBLES Y EQUIPOS DE OFICINA,1,6,,,,,,Universitarios,4,3
PEQUE¥A,COMERCIO,COMERCIO,1,6,5,,,,,Tecnicos o Tecnologos,2,3
PEQUE¥A,COMERCIO,COMERCIALIZADORA DE PRODUCTOS,6,,,,,,,Tecnicos o Tecnologos,8,67
PEQUE¥A,COMERCIO,FABRICACION/VENTA DE TEXTILES,6,1,2,,,,,Universitarios,50,30
PEQUE¥A,COMERCIO,SERVICIOS DE TELECOMUNICACIONE,4,5,,,,,,Universitarios,6,0
PEQUE¥A,COMERCIO,COMERCIO E IMPORTANCION AL POR,1,5,,,,,,Universitarios,1,1
PEQUE¥A,COMERCIO,FRABRICACION DE VENTANAS,1,4,,,,,,Universitarios,2,0
PEQUE¥A,COMERCIO,COMERCIO,4,,,,,,,Universitarios,5,0
PEQUE¥A,COMERCIO,COMERCIO AL POR MAYOR DE PARTE,7,6,,,,,,Universitarios,1,1
PEQUE¥A,INDUSTRIA,ARTES GRAFICAS,1,,,,,,,Tecnicos o Tecnologos,1,2
PEQUE¥A,INDUSTRIA,FABRICACION DE ACOPLES,6,5,,,,,,Universitarios,1,0
PEQUE¥A,INDUSTRIA,INDUSTRIA,5,4,,,,,,Universitarios,2,1
PEQUE¥A,INDUSTRIA,FABRICACION DE MEDICAMENTOS,1,5,6,,,,,Tecnicos o Tecnologos,0,2
PEQUE¥A,INDUSTRIA,ARTES GRAFICAS,4,,,,,,,Tecnicos o Tecnologos,2,2
PEQUE¥A,INDUSTRIA,FLEXOGRAFIA,3,,,,,,,Universitarios,4,1
PEQUE¥A,INDUSTRIA,METALMECANICA,4,,,,,,,Tecnicos o Tecnologos,0,5
PEQUE¥A,INDUSTRIA,INDUSTRIA,4,6,,,,,,Universitarios,2,1
PEQUE¥A,INDUSTRIA,COMERCIO,7,,,,,,,Universitarios,2,0
PEQUE¥A,INDUSTRIA,FABRICACION EQUIPOS ESTEELIZAC,1,5,6,,,,,Universitarios,1,0
PEQUE¥A,INDUSTRIA,FABRICACION PRENDAS DE VESTIR,1,,,,,,,Universitarios,10,5
PEQUE¥A,INDUSTRIA,METALMECANICA,5,6,,,,,,Universitarios,1,0
PEQUE¥A,INDUSTRIA,TRANSFORMACION DE HIEERRO Y AC,2,5,,,,,,Universitarios,3,2
PEQUE¥A,INDUSTRIA,INDUSTRIA,1,2,4,6,,,,Tecnicos o Tecnologos,1,1
PEQUE¥A,INDUSTRIA,FABRICACION DE HERRAMIENTAS,4,,,,,,,Tecnicos o Tecnologos,0,4
PEQUE¥A,INDUSTRIA,CONFECCION,4,5,6,,,,,Tecnicos o Tecnologos,3,2
PEQUE¥A,INDUSTRIA,FABRICANTES DE MAQUINARIA,1,4,,,,,,Tecnicos o Tecnologos,2,3
PEQUE¥A,INDUSTRIA,PRESTACCION DE SERVICIOS CONTA,5,6,,,,,,Universitarios,2,0
PEQUE¥A,INDUSTRIA,FABRICACION DE PUBLICIDAD,1,5,6,,,,,Tecnicos o Tecnologos,3,5
PEQUE¥A,INDUSTRIA,CONFECCION DE ROPA,5,6,,,,,,Universitarios,1,1
PEQUE¥A,INDUSTRIA,IMPORTACION DE LIBROS,4,5,6,,,,,Tecnicos o Tecnologos,1,2
PEQUE¥A,INDUSTRIA,COMERCIAR FILTROS AUTOMOTORES,3,5,6,,,,,Tecnicos o Tecnologos,10,10
PEQUE¥A,INDUSTRIA,FABRICACION DE PLASTICOS,1,4,5,6,,,,Tecnicos o Tecnologos,5,2
PEQUE¥A,INDUSTRIA,IMPORTACION Y COMERCIALIZACION,4,2,,,,,,Universitarios,1,0
PEQUE¥A,INDUSTRIA,FABRICACION DE PLASTICOS,6,,,,,,,Universitarios,6,3
PEQUE¥A,INDUSTRIA,INDUSTRIA,5,,,,,,,Tecnicos o Tecnologos,0,1
PEQUE¥A,INDUSTRIA,FABRICACION DE ALCOHOL,2,5,6,,,,,Tecnicos o Tecnologos,0,1
PEQUE¥A,INDUSTRIA,ARTES GRAFICAS,2,5,,,,,,Universitarios,1,0
PEQUE¥A,INDUSTRIA,MANUFACTURA DE PRODUCTOS LACTE,4,,,,,,,Universitarios,1,0
PEQUE¥A,INDUSTRIA,INDUSTRIA,4,,,,,,,Universitarios,3,0
PEQUE¥A,INDUSTRIA,FARICACION DE PRODUCTOS DE BEL,1,2,3,4,5,6,,Tecnicos o Tecnologos,3,4
PEQUE¥A,INDUSTRIA,FABRICACION DE AUTOPARTES,6,4,,,,,,Universitarios,1,4
PEQUE¥A,INDUSTRIA,INDUSTRIA,4,7,,,,,,Tecnicos o Tecnologos,2,3
PEQUE¥A,INDUSTRIA,COMPRA Y VENTA DE PARTES MOTOR,5,,,,,,,Universitarios,1,0
PEQUE¥A,INDUSTRIA,COMERCIALIZACION,4,,,,,,,Tecnicos o Tecnologos,1,2
PEQUE¥A,INDUSTRIA,ARTES GRAFICAS,5,6,,,,,,Universitarios,2,0
PEQUE¥A,INDUSTRIA,PRODUC ROPA EXTERNA FEMENINA,3,5,4,,,,,Tecnicos o Tecnologos,2,3
PEQUE¥A,INDUSTRIA,COMERCIALIZACION Y PRODUCCION,4,5,6,2,,,,Tecnicos o Tecnologos,2,3
PEQUE¥A,INDUSTRIA,PRODUCCION PRODUCTOS CARNICOS,6,,,,,,,Tecnicos o Tecnologos,1,3
PEQUE¥A,INDUSTRIA,DISTRIBUCION ELECTRICOS,1,5,,,,,,Universitarios,5,0
PEQUE¥A,INDUSTRIA,ACTIVIDADES DE IMPRESION,6,,,,,,,Universitarios,2,0
PEQUE¥A,INDUSTRIA,MANUFACTURA,1,6,3,,,,,Tecnicos o Tecnologos,4,2
PEQUE¥A,INDUSTRIA,MANUFACTURA DE PRODUCTOS DE ASEO,4,5,6,,,,,Universitarios,2,0
PEQUE¥A,INDUSTRIA,ENSAMBLES DE AUDIFONOS,1,5,6,,,,,Tecnicos o Tecnologos,0,1
PEQUE¥A,INDUSTRIA,PRODUCTORA DE ALIMENTOS,6,,,,,,,Universitarios,2,0
PEQUE¥A,INDUSTRIA,INDUSTRIA,4,,,,,,,Universitarios,1,0
PEQUE¥A,INDUSTRIA,INDUSTRIA,1,2,4,5,6,7,,Tecnicos o Tecnologos,4,5
PEQUE¥A,INDUSTRIA,FABRIC PRODUCTOS FARMACEUTICOS,1,7,,,,,,Tecnicos o Tecnologos,15,30
PEQUE¥A,INDUSTRIA,ARTES GRAFICAS,4,5,6,1,2,,,Universitarios,1,4
PEQUE¥A,INDUSTRIA,INDUSTRIA ARTES GRAFICAS,1,4,,,,,,Tecnicos o Tecnologos,1,2
PEQUE¥A,SERVICIOS,INMOBILIARIA,1,6,,,,,,Tecnicos o Tecnologos,0,5
PEQUE¥A,SERVICIOS,ACTIVIDADES DE ARQUITECTURA E INGENIERIA,6,2,,,,,,Tecnicos o Tecnologos,0,1
PEQUE¥A,SERVICIOS,REPRESENTACION DE FRABICAS DE,4,,,,,,,Tecnicos o Tecnologos,1,6
PEQUE¥A,SERVICIOS,AGENTES DE CARGA INTERNACIONAL,5,,,,,,,Universitarios,2,0
PEQUE¥A,SERVICIOS,PRESTAMOS DE SERVICIOS CALIBRA,1,6,,,,,,Tecnicos o Tecnologos,4,5
PEQUE¥A,SERVICIOS,ASESORIA  EN SISTEMAS,1,4,,,,,,Universitarios,15,5
PEQUE¥A,SERVICIOS,MENSAJERIA,1,5,6,,,,,Universitarios,1,0
PEQUE¥A,SERVICIOS,SERVICIOS,6,5,,,,,,Tecnicos o Tecnologos,0,2
PEQUE¥A,SERVICIOS,SERVICIOS MEDICOS,2,,,,,,,Tecnicos o Tecnologos,1,4
PEQUE¥A,SERVICIOS,SERVICIOS TEMPORALES,5,6,,,,,,Universitarios,7,5
PEQUE¥A,SERVICIOS,SERVICIOS TEMPORALES,6,5,,,,,,Universitarios,6,4
PEQUE¥A,SERVICIOS,BODEGA Y ALMACENAMIENTO,6,1,,,,,,Tecnicos o Tecnologos,10,30
PEQUE¥A,SERVICIOS,COMERCIALIZACION DE IMPLEMENTO,4,,,,,,,Universitarios,2,0
PEQUE¥A,SERVICIOS,CCOMERCIO Y SERVICIOS,7,,,,,,,Universitarios,2,0
PEQUE¥A,SERVICIOS,COMPRA Y VENTA DE MUEBLES,5,6,,,,,,Tecnicos o Tecnologos,5,5
PEQUE¥A,SERVICIOS,SERVICIOS TEMPORALES,5,6,,,,,,Tecnicos o Tecnologos,6,7
PEQUE¥A,SERVICIOS,PILOTAJE,6,,,,,,,Universitarios,3,1
PEQUE¥A,SERVICIOS,CAPACITACION,5,6,7,,,,,Universitarios,10,2
PEQUE¥A,SERVICIOS,CORRETAJE DE SEGUROS,2,1,,,,,,Universitarios,1,0
PEQUE¥A,SERVICIOS,CONTRUCCION OBRA CIVIL,6,5,,,,,,Universitarios,2,0
PEQUE¥A,SERVICIOS,SELECCION Y CONTRATACION,1,,,,,,,Universitarios,12,5
PEQUE¥A,SERVICIOS,SEGUROS,6,5,4,3,2,1,,Tecnicos o Tecnologos,1,3
PEQUE¥A,SERVICIOS,INSUMOS AGRICOLAS,4,5,6,,,,,Tecnicos o Tecnologos,0,3
PEQUE¥A,SERVICIOS,COLEGIO,5,6,,,,,,Universitarios,5,0
PEQUE¥A,SERVICIOS,TRANSPORTE TERRESTRE DE CARGA,5,6,,,,,,Tecnicos o Tecnologos,0,1
PEQUE¥A,SERVICIOS,ASESORIAS,5,6,,,,,,Tecnicos o Tecnologos,1,1
PEQUE¥A,SERVICIOS,TURISMO Y ESCOLAR,2,3,,,,,,Universitarios,2,0
PEQUE¥A,SERVICIOS,VENTA DE ROPA EXTERIOR FEMENIN,2,4,5,6,,,,Universitarios,3,0
PEQUE¥A,SERVICIOS,PRE PRENSA DIGITAL,4,,,,,,,Tecnicos o Tecnologos,0,1
PEQUE¥A,SERVICIOS,LAVADO DE ROPA INDUSTRIAL,2,,,,,,,Tecnicos o Tecnologos,0,1
PEQUE¥A,SERVICIOS,TTRANSPORTE ESPECIAL,1,,,,,,,Universitarios,5,3
PEQUE¥A,SERVICIOS,CONSTRUCCION,4,6,,,,,,Universitarios,5,0
PEQUE¥A,SERVICIOS,ASESORIA COMUNICACION,1,4,,,,,,Tecnicos o Tecnologos,1,2
PEQUE¥A,SERVICIOS,CORREO INTERNACIONAL,5,6,,,,,,Tecnicos o Tecnologos,1,2
PEQUE¥A,SERVICIOS,ALQUILER DE MAQUINAS,6,1,,,,,,Tecnicos o Tecnologos,5,5
PEQUE¥A,SERVICIOS,TURISMO,5,6,,,,,,Tecnicos o Tecnologos,2,3
PEQUE¥A,SERVICIOS,IMPRESION,4,5,6,,,,,Tecnicos o Tecnologos,0,4
PEQUE¥A,SERVICIOS,SERVICIOS MEDICOS,7,,,,,,,Tecnicos o Tecnologos,0,3
PEQUE¥A,SERVICIOS,SERVICIOS MEDICOS,5,,,,,,,Universitarios,1,0
PEQUE¥A,SERVICIOS,SERVICIOS,2,,,,,,,Tecnicos o Tecnologos,1,1
PEQUE¥A,SERVICIOS,SERVICIOS MEDICOS,2,,,,,,,Universitarios,2,1
PEQUE¥A,SERVICIOS,SERVICIOS DE LABORATORIO CLLIN,6,7,,,,,,Universitarios,35,15
PEQUE¥A,SERVICIOS,RADIO Y TELEVISION,6,1,,,,,,Universitarios,2,1
PEQUE¥A,SERVICIOS,PRESTACION DE SERVICIOS,5,6,,,,,,Tecnicos o Tecnologos,70,80
PEQUE¥A,SERVICIOS,SERVICIOS,7,,,,,,,Universitarios,4,2
PEQUE¥A,SERVICIOS,AGRICULTURA Y GANADERIA,6,,,,,,,Universitarios,2,0
PEQUE¥A,SERVICIOS,SERVICIOS DE VIGILANCIA,5,6,,,,,,Tecnicos o Tecnologos,1,2
PEQUE¥A,SERVICIOS,PUBLICIDAD INFLABLE,3,4,,,,,,Universitarios,10,10
PEQUE¥A,SERVICIOS,SERVICIOS MEDICOS,2,4,5,,,,,Universitarios,1,0
PEQUE¥A,SERVICIOS,OPERADORES LOGISTICOS,1,2,,,,,,Tecnicos o Tecnologos,0,85
PEQUE¥A,SERVICIOS,DESAROLLO DE SOFTWARE,7,,,,,,,Universitarios,4,3
